{
    "minLat": 60.33636918184986,
    "maxLat": 60.51791684203125,
    "minLon": 10.66698710844047,
    "maxLon": 11.147280359235149
}