{
    "minLat": 10.66698710844047,
    "minLng": 60.33636918184986,
    "maxLat": 11.147280359235149,
    "maxLng": 60.51791684203125
}